SNP,CHR,GENE,Pos,maxEff,p.maxN,p.adjust,MAF_data,"theta_12,0","lower_12,0","higher_12,0","p_12,0","theta_2,01","lower_2,01","higher_2,01","p_2,01","theta_1,0","lower_1,0","higher_1,0","p_1,0","theta_2,1","lower_2,1","higher_2,1","p_2,1"
rs9815579,3,"TRH,ALG1L2",129755175,0.611351314,2.27E-06,0.043629028,0.404700855,0.369981785,0.137640186,0.994524385,2.27E-06,0.484517602,0.06659192,3.525312185,0.159567999,0.378493713,0.140188977,1.021888414,4.40E-06,0.611351314,0.083366863,4.483201309,0.426588734
rs10428501,4,PROM1,15983618,1.995673847,2.03E-06,0.039003203,0.404273504,0.498164747,0.21979817,1.129072708,7.53E-05,1.37087541,0.451089323,4.166135826,0.354036681,0.415011108,0.17375895,0.991225029,2.03E-06,1.995673847,0.613894161,6.487623373,0.012739125
rs149309589,5,XRCC4,82496414,1.691947565,1.43E-06,0.027399347,0.336324786,0.468731021,0.20691659,1.061822886,1.46E-05,1.044888893,0.294234601,3.710620007,0.98864951,0.412866803,0.174087541,0.979156786,1.43E-06,1.691947565,0.439687344,6.510732229,0.14360996
rs71594472,5,"NLN,ERBB2IP",65180989,0.927649171,2.19E-06,0.041956009,0.425213675,0.675772018,0.297479739,1.535122432,0.053722834,0.335122423,0.113182193,0.992267736,2.19E-06,0.927649171,0.390315018,2.204713997,0.914139503,0.345234855,0.109819822,1.085296827,1.40E-05
rs1245576,10,SPOCK2,73810670,2.421827098,1.47E-06,0.028230071,0.406410256,2.421827098,1.020254796,5.748805608,1.47E-06,1.972752774,0.664109477,5.860108377,0.005225517,2.225055483,0.906900376,5.459113297,3.23E-05,1.46568085,0.474534641,4.527004289,0.222217132
rs1871453,10,SPOCK2,73812476,2.421827098,1.47E-06,0.028230089,0.406410256,2.421827098,1.020254777,5.748805712,1.47E-06,1.972752774,0.664109461,5.860108511,0.005101178,2.225055483,0.906900359,5.4591134,3.23E-05,1.46568085,0.47453463,4.527004396,0.222892715
rs4747238,10,SPOCK2,73814545,2.409978608,1.69E-06,0.032504691,0.406837607,2.409978608,1.01525485,5.720728045,1.69E-06,1.974086742,0.664439417,5.865122333,0.006718905,2.212743706,0.901838605,5.429169568,3.70E-05,1.469982622,0.475796182,4.54154319,0.217579696
rs1618927,10,SPOCK2,73817772,2.406705122,1.75E-06,0.033492234,0.405982906,2.406705122,1.014188126,5.711198342,1.75E-06,1.916535331,0.642178465,5.719761518,0.010200243,2.228581994,0.909186182,5.462662988,3.04E-05,1.42417814,0.459036442,4.418567216,0.278656205
rs147106198,14,"ESRRB,VASH1",77215933,2.542826544,6.99E-08,0.001342176,0.301282051,2.542826544,1.121028783,5.767886541,7.00E-08,1.813253548,0.456976867,7.194868415,0.089328834,2.497980265,1.058567723,5.894668119,4.93E-07,1.111323957,0.26076204,4.736275785,0.934902505
rs145003698,14,"ESRRB,VASH1",77211737,2.476066082,1.20E-07,0.002301535,0.288034188,2.476066082,1.101801984,5.564432932,1.20E-07,1.876008215,0.433471231,8.119124341,0.091528324,2.424486322,1.041503617,5.643891995,7.86E-07,1.146288455,0.247817673,5.302193369,0.902000503
rs77000175,14,"ESRRB,VASH1",77213003,2.474120641,1.23E-07,0.002354617,0.288888889,2.474120641,1.101038235,5.559546211,1.23E-07,1.874987681,0.43324723,8.114486505,0.091683617,2.422431288,1.040700087,5.63867863,8.04E-07,1.147106338,0.24797944,5.306298584,0.901249622
rs145849590,14,"ESRRB,VASH1",77212084,2.468024668,1.32E-07,0.002532444,0.289316239,2.468024668,1.098605823,5.54443244,1.32E-07,1.874144436,0.433102354,8.10990136,0.091709515,2.415942213,1.038192932,5.622054048,8.64E-07,1.148864447,0.248383526,5.313917297,0.898625424
rs4903476,14,"ESRRB,VASH1",77192571,2.492920228,2.03E-07,0.003894044,0.29017094,2.443861732,1.08473581,5.505912232,2.03E-07,1.480267421,0.365523676,5.994664046,0.358078077,2.492920228,1.059629428,5.864928906,4.76E-07,0.888772095,0.20341828,3.883209693,0.921827002
rs4899614,14,"ESRRB,VASH1",77192561,2.492920228,2.03E-07,0.00389409,0.29017094,2.443861732,1.084731314,5.505935053,2.03E-07,1.480267421,0.365521067,5.994706832,0.357852188,2.492920228,1.059624802,5.864954511,4.76E-07,0.888772095,0.203416749,3.883238913,0.921815725
rs7140819,14,"ESRRB,VASH1",77211455,2.37888551,5.13E-07,0.009837614,0.282478632,2.37888551,1.054146892,5.368413372,5.13E-07,1.899707121,0.422883376,8.534000986,0.093388566,2.317438836,0.992954132,5.408631257,3.19E-06,1.189260881,0.247890245,5.705514736,0.852282331
rs141472150,14,"ESRRB,VASH1",77213866,2.37289419,5.50E-07,0.01055698,0.282905983,2.37289419,1.051783229,5.353409985,5.50E-07,1.898857825,0.422747632,8.529109951,0.093796183,2.311124276,0.990538419,5.392315247,3.42E-06,1.191096375,0.24829941,5.713709007,0.849953774
rs149894721,14,"ESRRB,VASH1",77211669,2.365198547,6.23E-07,0.0119531,0.297008547,2.365198547,1.047695657,5.339493519,6.23E-07,1.995940495,0.473492705,8.413600503,0.050203118,2.277843436,0.974557815,5.32402556,5.40E-06,1.281160226,0.284266936,5.774050086,0.700185192
rs1056437,14,"MIS18BP1,LINC00871",46325932,2.458340325,8.27E-07,0.015875697,0.265384615,2.376311652,1.038878072,5.435533986,8.27E-07,1.384648725,0.263984711,7.262739141,0.604229752,2.458340325,1.036798999,5.828938065,9.21E-07,0.8027322,0.14108238,4.567395199,0.813313493
rs6574326,14,VASH1,77222702,2.31102109,9.40E-07,0.018029971,0.28974359,2.31102109,1.0336033,5.16718404,9.40E-07,1.779322406,0.398268447,7.949382497,0.14431641,2.269117474,0.983242356,5.236647992,4.24E-06,1.132726738,0.238612405,5.37721357,0.920190992
rs145696396,14,"ESRRB,VASH1",77207539,2.310263176,1.25E-06,0.02395261,0.282905983,2.310263176,1.02451283,5.209613568,1.25E-06,1.911923183,0.424855226,8.603990341,0.08955551,2.241172225,0.961022536,5.226571444,7.97E-06,1.217338728,0.253231808,5.852004111,0.814454382
rs12878611,14,"ESRRB,VASH1",77197052,2.308743608,1.27E-06,0.024415309,0.282478632,2.308743608,1.023874775,5.206004854,1.27E-06,1.913314574,0.425166458,8.610210394,0.090006494,2.239413251,0.960330072,5.222133362,8.13E-06,1.217959116,0.253377333,5.854605817,0.813410157
rs7152153,14,"ESRRB,VASH1",77195955,2.308743608,1.27E-06,0.02441531,0.282478632,2.308743608,1.023874782,5.206004818,1.27E-06,1.913314574,0.425166464,8.610210285,0.088954588,2.239413251,0.960330079,5.222133325,8.13E-06,1.217959116,0.253377336,5.85460574,0.813575833
rs6574319,14,"ESRRB,VASH1",77204275,2.308743608,1.27E-06,0.024415312,0.282478632,2.308743608,1.023874777,5.206004845,1.27E-06,1.913314574,0.42516646,8.610210368,0.089683887,2.239413251,0.960330074,5.222133354,8.13E-06,1.217959116,0.253377334,5.854605799,0.813575845
rs7156491,14,"ESRRB,VASH1",77196157,2.308743608,1.27E-06,0.024415316,0.282478632,2.308743608,1.023874765,5.206004907,1.27E-06,1.913314574,0.425166451,8.610210555,0.088741367,2.239413251,0.960330062,5.222133417,8.13E-06,1.217959116,0.253377328,5.854605932,0.813820228
rs7146655,14,"ESRRB,VASH1",77203739,2.308743608,1.27E-06,0.024415318,0.282478632,2.308743608,1.023874775,5.206004854,1.27E-06,1.913314574,0.425166459,8.610210393,0.090166833,2.239413251,0.960330072,5.222133362,8.13E-06,1.217959116,0.253377333,5.854605816,0.813299373
rs2192914,14,"ESRRB,VASH1",77208049,2.308743608,1.27E-06,0.024415318,0.282478632,2.308743608,1.02387477,5.206004879,1.27E-06,1.913314574,0.425166455,8.610210469,0.089735704,2.239413251,0.960330067,5.222133388,8.13E-06,1.217959116,0.253377331,5.854605871,0.813785107
rs2216092,14,"ESRRB,VASH1",77202614,2.308743608,1.27E-06,0.024415319,0.282478632,2.308743608,1.023874775,5.206004855,1.27E-06,1.913314574,0.425166458,8.610210398,0.088407799,2.239413251,0.960330072,5.222133364,8.13E-06,1.217959116,0.253377333,5.85460582,0.813558478
rs11623512,14,"ESRRB,VASH1",77199730,2.308743608,1.27E-06,0.024415322,0.282478632,2.308743608,1.023874773,5.206004867,1.27E-06,1.913314574,0.425166457,8.610210432,0.089405606,2.239413251,0.96033007,5.222133376,8.13E-06,1.217959116,0.253377332,5.854605845,0.813215423
rs7140904,14,"ESRRB,VASH1",77211275,2.308231957,1.28E-06,0.024550592,0.281623932,2.308231957,1.023689612,5.204638891,1.28E-06,1.900256302,0.42210947,8.554591323,0.094316166,2.242614832,0.961619153,5.230055235,7.83E-06,1.209484054,0.25148977,5.816744272,0.825067033
rs187719689,14,"ESRRB,VASH1",77217080,2.308231957,1.28E-06,0.024550605,0.281623932,2.308231957,1.023689553,5.204639192,1.28E-06,1.900256302,0.422109425,8.554592241,0.093564061,2.242614832,0.961619095,5.230055551,7.83E-06,1.209484054,0.251489742,5.816744924,0.825275121
rs1465332,14,VASH1,77219049,2.30714536,1.30E-06,0.024881581,0.282051282,2.30714536,1.023242743,5.202010718,1.30E-06,1.899039694,0.421849595,8.548904158,0.093967254,2.241556677,0.96120774,5.227357344,7.93E-06,1.209861377,0.25157341,5.81843905,0.8247886
rs11626491,14,VASH1,77219538,2.285826103,1.54E-06,0.029505667,0.288461538,2.285826103,1.017486677,5.135203333,1.54E-06,1.962369999,0.436847994,8.815185296,0.073881159,2.204700009,0.950839012,5.112013777,1.08E-05,1.26779173,0.265139832,6.062068679,0.739260096
rs2216091,14,"ESRRB,VASH1",77199154,2.260291068,2.30E-06,0.044046384,0.283333333,2.260291068,1.004198219,5.087557037,2.30E-06,1.910719718,0.424255259,8.605314282,0.090011667,2.187986082,0.940773923,5.088664742,1.43E-05,1.236306602,0.257377426,5.938570607,0.787010763
rs4326977,14,"ESRRB,VASH1",77204535,2.260291068,2.30E-06,0.044046394,0.283333333,2.260291068,1.004198205,5.087557107,2.30E-06,1.910719718,0.424255248,8.605314502,0.089946424,2.187986082,0.94077391,5.088664814,1.43E-05,1.236306602,0.257377419,5.938570765,0.787117367
rs12891031,14,"ESRRB,VASH1",77199378,2.260291068,2.30E-06,0.04404643,0.283333333,2.260291068,1.004198195,5.087557156,2.30E-06,1.910719718,0.424255241,8.605314655,0.091029636,2.187986082,0.940773901,5.088664865,1.43E-05,1.236306602,0.257377414,5.938570875,0.787223505
rs1465331,14,VASH1,77218967,2.25865095,2.34E-06,0.044911195,0.282905983,2.25865095,1.003550287,5.083456381,2.34E-06,1.896534634,0.420960118,8.544380958,0.094888389,2.190080504,0.941635207,5.093748169,1.39E-05,1.228089127,0.255546438,5.90187411,0.798490252
rs2362856,14,VASH1,77219366,2.25865095,2.34E-06,0.044911201,0.282905983,2.25865095,1.003550339,5.083456122,2.34E-06,1.896534634,0.420960158,8.544380149,0.094412286,2.190080504,0.941635257,5.093747898,1.39E-05,1.228089127,0.255546463,5.901873528,0.798658783
rs6574324,14,VASH1,77220203,2.25865095,2.34E-06,0.044911227,0.282905983,2.25865095,1.003550337,5.08345613,2.34E-06,1.896534634,0.420960157,8.544380177,0.096053154,2.190080504,0.941635255,5.093747907,1.39E-05,1.228089127,0.255546462,5.901873548,0.798557861
rs12885941,14,"ESRRB,VASH1",77200221,2.254318807,2.48E-06,0.047640231,0.283760684,2.254318807,1.001585766,5.073907255,2.48E-06,1.910881114,0.424290672,8.606049743,0.090875692,2.181558544,0.938113482,5.073157751,1.54E-05,1.238933182,0.257941325,5.950792994,0.782825087
rs8109218,19,"C19orf44,CALR3",16616420,3.051067485,2.53E-06,0.048502066,0.308119658,2.213380793,1.000965999,4.894326617,2.53E-06,3.051067485,0.668259304,13.93024046,0.000802384,1.968219085,0.858895075,4.510313868,0.00024527,2.13276735,0.437399567,10.39940804,0.052251063
rs10422229,19,"C19orf44,CALR3",16613111,3.051067485,2.53E-06,0.048502283,0.308119658,2.213380793,1.000965851,4.894327342,2.53E-06,3.051067485,0.668259115,13.9302444,0.000756094,1.968219085,0.858894942,4.510314566,0.000155156,2.13276735,0.437399437,10.39941112,0.051407628
rs10407034,19,"C19orf44,CALR3",16610935,3.051067485,2.53E-06,0.048502491,0.308119658,2.213380793,1.000966206,4.89432561,2.53E-06,3.051067485,0.668259568,13.93023497,0.000756117,1.968219085,0.85889526,4.510312898,0.000206018,2.13276735,0.437399746,10.39940377,0.050942944
rs8108300,19,"C19orf44,CALR3",16609453,3.051067485,2.53E-06,0.048502732,0.308119658,2.213380793,1.000966933,4.894322055,2.53E-06,3.051067485,0.668260496,13.93021561,0.000756085,1.968219085,0.858895911,4.510309474,0.000155156,2.13276735,0.437400381,10.39938869,0.05144194
rs8111282,19,"C19orf44,CALR3",16613733,3.051067485,2.53E-06,0.048502768,0.308119658,2.213380793,1.000967186,4.894320817,2.53E-06,3.051067485,0.66826082,13.93020887,0.000756108,1.968219085,0.858896138,4.510308283,0.000155237,2.13276735,0.437400601,10.39938344,0.052080224
rs141380308,19,C19orf44,16617029,3.051067485,2.53E-06,0.048503202,0.308119658,2.213380793,1.000966804,4.894322686,2.53E-06,3.051067485,0.668260331,13.93021904,0.000762918,1.968219085,0.858895796,4.510310082,0.00015782,2.13276735,0.437400268,10.39939137,0.051248692
rs5843741,21,LOC100133286,37456659,1.138620133,1.81E-06,0.034757596,0.40042735,0.439281732,0.195297693,0.988073318,1.81E-06,0.779806503,0.259015991,2.34772448,0.516300545,0.425827279,0.180271303,1.005866536,3.07E-06,1.138620133,0.353597507,3.666473265,0.854108989
